add_author,2026-05-19T18:43:30
add_book,2026-05-19T18:43:30
add_reader,2026-05-19T18:43:30
list_books,2026-05-19T18:43:30
find_book_by_id,2026-05-19T18:43:30
update_book,2026-05-19T18:43:30
borrow_book,2026-05-19T18:43:30
return_book,2026-05-19T18:43:30
report_active_loans,2026-05-19T18:43:30
add_author,2026-05-19T18:46:14
add_book,2026-05-19T18:46:14
add_reader,2026-05-19T18:46:14
list_books,2026-05-19T18:46:14
find_book_by_id,2026-05-19T18:46:14
update_book,2026-05-19T18:46:14
borrow_book,2026-05-19T18:46:14
return_book,2026-05-19T18:46:14
report_active_loans,2026-05-19T18:46:14
add_author,2026-05-19T18:46:54
add_book,2026-05-19T18:46:54
add_reader,2026-05-19T18:46:54
list_books,2026-05-19T18:46:54
find_book_by_id,2026-05-19T18:46:54
update_book,2026-05-19T18:46:54
borrow_book,2026-05-19T18:46:54
return_book,2026-05-19T18:46:54
report_active_loans,2026-05-19T18:46:54
add_author,2026-05-19T18:50:02
add_book,2026-05-19T18:50:02
add_reader,2026-05-19T18:50:02
list_books,2026-05-19T18:50:02
find_book_by_id,2026-05-19T18:50:02
update_book,2026-05-19T18:50:02
delete_reader,2026-05-19T18:50:02
add_author,2026-05-19T18:50:48
add_book,2026-05-19T18:50:48
add_reader,2026-05-19T18:50:48
list_books,2026-05-19T18:50:48
find_book_by_id,2026-05-19T18:50:48
update_book,2026-05-19T18:50:48
delete_reader,2026-05-19T18:50:48
add_author,2026-05-19T18:57:30
add_book,2026-05-19T18:57:30
add_reader,2026-05-19T18:57:30
list_books,2026-05-19T18:57:30
find_book_by_id,2026-05-19T18:57:30
update_book,2026-05-19T18:57:30
borrow_book,2026-05-19T18:57:30
return_book,2026-05-19T18:57:30
report_active_loans,2026-05-19T18:57:30
delete_reader,2026-05-19T18:57:30
add_author,2026-05-19T19:01:07
add_book,2026-05-19T19:01:07
add_reader,2026-05-19T19:01:07
list_books,2026-05-19T19:01:07
find_book_by_id,2026-05-19T19:01:07
update_book,2026-05-19T19:01:07
borrow_book,2026-05-19T19:01:07
return_book,2026-05-19T19:01:07
report_active_loans,2026-05-19T19:01:07
delete_reader,2026-05-19T19:01:07
